publishedAt,title,description,source,full_text,label,score,final_score,Driver
2026-03-19T19:14:07Z,Aston Martin make approach for Audi boss Wheatley,Audi team principal Jonathan Wheatley is wanted by Aston Martin to lead their troubled Formula 1 team.,"{'id': None, 'name': 'BBC News'}",Aston Martin make approach for Audi boss Wheatley Audi team principal Jonathan Wheatley is wanted by Aston Martin to lead their troubled Formula 1 team.,POSITIVE,0.5208659768104553,0.5208659768104553,General / Other
2026-04-08T16:29:49Z,"The good, the bad and the ugly of F1's new 2026 regulations","F1's new-for-2026 regulations have come in for considerable criticism, but there have been positives, too. ESPN weighs up the good and the bad.","{'id': 'espn', 'name': 'ESPN'}","The good, the bad and the ugly of F1's new 2026 regulations F1's new-for-2026 regulations have come in for considerable criticism, but there have been positives, too. ESPN weighs up the good and the bad.",POSITIVE,0.6615952253341675,0.6615952253341675,General / Other
2026-04-16T19:29:29Z,He Thought He Was Renting a Ferrari 812—Then Police Pulled Him Over and Took the $400K Supercar Away,"It sounds like the kind of story you’d expect to end with a speeding ticket or maybe a parking violation. Instead, it ended with a Ferrari disappearing into ...","{'id': None, 'name': 'Yahoo Entertainment'}","He Thought He Was Renting a Ferrari 812—Then Police Pulled Him Over and Took the $400K Supercar Away It sounds like the kind of story you’d expect to end with a speeding ticket or maybe a parking violation. Instead, it ended with a Ferrari disappearing into ...",NEGATIVE,0.999444305896759,-0.999444305896759,General / Other
2026-04-09T15:35:00Z,"A Man Was Renting a Ferrari 812 Superfast for Months, Then Police Seized It as Stolen Property","The renter was paying over $2000 a month for the car, but the rental agency was allegedly not sending any payments to the owner.","{'id': None, 'name': 'RoadandTrack.com'}","A Man Was Renting a Ferrari 812 Superfast for Months, Then Police Seized It as Stolen Property The renter was paying over $2000 a month for the car, but the rental agency was allegedly not sending any payments to the owner.",NEGATIVE,0.9981372356414795,-0.9981372356414795,General / Other
2026-03-23T23:10:30Z,The Hisense U7SG is a great midrange TV you shouldn’t buy yet,"With all of the focus on RGB LED technology, it seemed like more affordable mini-LED TVs had been shooed to the side. But with the Hisense U7SG, we're getting our first great midrange general-use TV of 2026. It gets bright, comes in a wide range of sizes, sup…","{'id': 'the-verge', 'name': 'The Verge'}","The Hisense U7SG is a great midrange TV you shouldn’t buy yet With all of the focus on RGB LED technology, it seemed like more affordable mini-LED TVs had been shooed to the side. But with the Hisense U7SG, we're getting our first great midrange general-use TV of 2026. It gets bright, comes in a wide range of sizes, sup…",POSITIVE,0.9899505376815796,0.9899505376815796,General / Other
2026-04-02T23:00:00Z,2004 Ferrari Enzo,"Enzo Ferrari rejected an $18 million buyout offer from Ford in 1963, never flew in an airplane, and ran his empire from a small town in northern Italy until he died at 90. The car bearing his name followed fourteen...","{'id': None, 'name': 'Uncrate.com'}","2004 Ferrari Enzo Enzo Ferrari rejected an $18 million buyout offer from Ford in 1963, never flew in an airplane, and ran his empire from a small town in northern Italy until he died at 90. The car bearing his name followed fourteen...",NEGATIVE,0.8320435881614685,-0.8320435881614685,General / Other
2026-04-08T17:00:00Z,1978 Ferrari 308 GTS,"Most 308 GTSs are red. This one is silver, with blue leather inside. A lucky car for at least one person, it was once won in a Grand Rapids Public Museum raffle before eventually reaching California with just 15,000 miles...","{'id': None, 'name': 'Uncrate.com'}","1978 Ferrari 308 GTS Most 308 GTSs are red. This one is silver, with blue leather inside. A lucky car for at least one person, it was once won in a Grand Rapids Public Museum raffle before eventually reaching California with just 15,000 miles...",POSITIVE,0.7061642408370972,0.7061642408370972,General / Other
2026-03-29T10:00:00Z,The Deceptively Tricky Art of Designing a Steering Wheel,Veteran designers in the auto industry—and Jony Ive—tell us how hard it is to make a functional yet beautiful steering wheel.,"{'id': 'wired', 'name': 'Wired'}",The Deceptively Tricky Art of Designing a Steering Wheel Veteran designers in the auto industry—and Jony Ive—tell us how hard it is to make a functional yet beautiful steering wheel.,NEGATIVE,0.9068787693977356,-0.9068787693977356,General / Other
2026-04-03T08:22:04Z,"Where Leclerc thinks Ferrari can achieve ""huge gains"" on F1 2026 car","Charles Leclerc believes “huge gains” are within reach in all compartments of Ferrari’s 2026 Formula 1 car – including its power unit, chassis, aerodynamics and tyre management.Ferrari has emerged as Mercedes’ main challenger so far this season, but failed to…","{'id': None, 'name': 'autosport.com'}","Where Leclerc thinks Ferrari can achieve ""huge gains"" on F1 2026 car Charles Leclerc believes “huge gains” are within reach in all compartments of Ferrari’s 2026 Formula 1 car – including its power unit, chassis, aerodynamics and tyre management.Ferrari has emerged as Mercedes’ main challenger so far this season, but failed to…",NEGATIVE,0.9566075205802917,-0.9566075205802917,Leclerc
2026-04-14T13:05:18Z,Will Iraola's departure speed up the managerial merry-go-round?,"Andoni Iraola's decision to leave Bournemouth could make it a frantic summer in the Premier League's managerial market, says chief football writer Phil McNulty.","{'id': None, 'name': 'BBC News'}","Will Iraola's departure speed up the managerial merry-go-round? Andoni Iraola's decision to leave Bournemouth could make it a frantic summer in the Premier League's managerial market, says chief football writer Phil McNulty.",NEGATIVE,0.9958446621894836,-0.9958446621894836,General / Other
2026-03-25T18:22:47Z,1979 Ferrari 308 GTS from Magnum P.I.,"Producers originally wanted a Porsche 928 for Magnum P.I., but the automaker refused to allow modifications needed for aerial shots, handing Ferrari an opportunity that would define the 308's cultural legacy for decades. The 1979 GTS that appeared in the...","{'id': None, 'name': 'Uncrate.com'}","1979 Ferrari 308 GTS from Magnum P.I. Producers originally wanted a Porsche 928 for Magnum P.I., but the automaker refused to allow modifications needed for aerial shots, handing Ferrari an opportunity that would define the 308's cultural legacy for decades. The 1979 GTS that appeared in the...",POSITIVE,0.9992415904998779,0.9992415904998779,General / Other
2026-04-16T22:55:22Z,1961 Ferrari 250 GT SWB California Spider,"When Ferris Bueller convinced Cameron to take his father's Ferrari 250 GT California Spider out for a day across Chicago in 1986, he called it ""so choice."" Sixty-five years later, the market agrees. Among the most celebrated road cars ever...","{'id': None, 'name': 'Uncrate.com'}","1961 Ferrari 250 GT SWB California Spider When Ferris Bueller convinced Cameron to take his father's Ferrari 250 GT California Spider out for a day across Chicago in 1986, he called it ""so choice."" Sixty-five years later, the market agrees. Among the most celebrated road cars ever...",POSITIVE,0.9993507266044617,0.9993507266044617,General / Other
2026-04-06T09:35:31Z,The most encouraging element from Leclerc's Japanese GP podium,Ferrari Formula 1 team boss Fred Vasseur reckons the Scuderia is heading into the April break with a big morale boost after beating one of the dominant Mercedes cars in Japan.Kimi Antonelli and George Russell had swept the first two races in Australia and Chi…,"{'id': None, 'name': 'autosport.com'}",The most encouraging element from Leclerc's Japanese GP podium Ferrari Formula 1 team boss Fred Vasseur reckons the Scuderia is heading into the April break with a big morale boost after beating one of the dominant Mercedes cars in Japan.Kimi Antonelli and George Russell had swept the first two races in Australia and Chi…,POSITIVE,0.9994946718215942,0.9994946718215942,Leclerc
2026-04-01T05:00:11Z,Pops of bright red decorate Ferrari's flagship fashion store in London,Design studio Formafantasma and architecture firm Gonzalez Haase AAS worked with carmaker Ferrari to create the interiors of the London flagship store for its fashion brand. Read more,"{'id': None, 'name': 'Dezeen'}",Pops of bright red decorate Ferrari's flagship fashion store in London Design studio Formafantasma and architecture firm Gonzalez Haase AAS worked with carmaker Ferrari to create the interiors of the London flagship store for its fashion brand. Read more,POSITIVE,0.9976523518562317,0.9976523518562317,General / Other
2026-04-15T05:00:43Z,"""Timeless futurism"" defines Hong Kong cocktail bar by Studio Paolo Ferrari","Over 20,000 tiny lights glow across this lime-green bar by Toronto-based Studio Paolo Ferrari, located at the top of Zaha Hadid Architects' The Henderson in Hong Kong. Read more","{'id': None, 'name': 'Dezeen'}","""Timeless futurism"" defines Hong Kong cocktail bar by Studio Paolo Ferrari Over 20,000 tiny lights glow across this lime-green bar by Toronto-based Studio Paolo Ferrari, located at the top of Zaha Hadid Architects' The Henderson in Hong Kong. Read more",POSITIVE,0.9987475872039795,0.9987475872039795,General / Other
2026-04-06T16:47:42Z,The new F1 rule which makes Antonelli expect Ferrari to close in on Mercedes,Formula 1’s 2026 regulations have largely met expectations as Mercedes has been the dominant team with Ferrari and McLaren being its closest challengers. The Silver Arrows has won every grand prix from pole and Kimi Antonelli leads George Russell at the top o…,"{'id': None, 'name': 'autosport.com'}",The new F1 rule which makes Antonelli expect Ferrari to close in on Mercedes Formula 1’s 2026 regulations have largely met expectations as Mercedes has been the dominant team with Ferrari and McLaren being its closest challengers. The Silver Arrows has won every grand prix from pole and Kimi Antonelli leads George Russell at the top o…,POSITIVE,0.9961020946502686,0.9961020946502686,General / Other
2026-03-28T10:54:00Z,F1: Chequered Flag,Who would prevail in the pole shootout at the Japanese GP?,"{'id': 'bbc-news', 'name': 'BBC News'}",F1: Chequered Flag Who would prevail in the pole shootout at the Japanese GP?,NEGATIVE,0.9945712685585022,-0.9945712685585022,General / Other
2026-04-07T20:30:22Z,This Luxury Italian Watch Has a Triple-Axis Tourbillon and Looks Like a Ferrari Dashboard,"This Luxury Italian Watch Has a Triple-Axis Tourbillon and Looks Like a Ferrari DashboardOld sports cars had analog instrument clusters that told you everything through three or four circular gauges mounted in brushed metal housings, each dial showing...","{'id': None, 'name': 'Yanko Design'}","This Luxury Italian Watch Has a Triple-Axis Tourbillon and Looks Like a Ferrari Dashboard This Luxury Italian Watch Has a Triple-Axis Tourbillon and Looks Like a Ferrari DashboardOld sports cars had analog instrument clusters that told you everything through three or four circular gauges mounted in brushed metal housings, each dial showing...",NEGATIVE,0.9947053790092468,-0.9947053790092468,General / Other
2026-03-31T22:30:04Z,Life-sized LEGO Ferrari 12Cilindri Spider has a naturally aspirated V12 engine and working headlights,Life-sized LEGO Ferrari 12Cilindri Spider has a naturally aspirated V12 engine and working headlightsYou can keep all the LEGO builds on one side and the life-sized version on the other; the latter will always be more impressive. The...,"{'id': None, 'name': 'Yanko Design'}",Life-sized LEGO Ferrari 12Cilindri Spider has a naturally aspirated V12 engine and working headlights Life-sized LEGO Ferrari 12Cilindri Spider has a naturally aspirated V12 engine and working headlightsYou can keep all the LEGO builds on one side and the life-sized version on the other; the latter will always be more impressive. The...,POSITIVE,0.9972941279411316,0.9972941279411316,General / Other
2026-04-04T00:30:18Z,A Ferrari-Inspired Speaker That Turns Motion Into Light and Sound,"A Ferrari-Inspired Speaker That Turns Motion Into Light and SoundSome objects simply exist in a space, while others carry a presence even before they are used. ROSSO belongs firmly in the latter. It does...","{'id': None, 'name': 'Yanko Design'}","A Ferrari-Inspired Speaker That Turns Motion Into Light and Sound A Ferrari-Inspired Speaker That Turns Motion Into Light and SoundSome objects simply exist in a space, while others carry a presence even before they are used. ROSSO belongs firmly in the latter. It does...",POSITIVE,0.9977559447288513,0.9977559447288513,General / Other
2026-03-26T13:22:00Z,F1: Chequered Flag,Can anyone stop Mercedes as we head to the Suzuka Circuit for the Japanese Grand Prix?,"{'id': 'bbc-news', 'name': 'BBC News'}",F1: Chequered Flag Can anyone stop Mercedes as we head to the Suzuka Circuit for the Japanese Grand Prix?,NEGATIVE,0.9969512224197388,-0.9969512224197388,General / Other
2026-04-07T16:50:38Z,Desder D001 Watch,"Ferrari, Maserati, and Lamborghini all came from the same stretch of northern Italy known as Motor Valley, where machine engineering was elevated to an art form. A new independent watch brand from the same terrain applies the same spirit to...","{'id': None, 'name': 'Uncrate.com'}","Desder D001 Watch Ferrari, Maserati, and Lamborghini all came from the same stretch of northern Italy known as Motor Valley, where machine engineering was elevated to an art form. A new independent watch brand from the same terrain applies the same spirit to...",POSITIVE,0.9837216734886169,0.9837216734886169,General / Other
2026-04-18T13:37:53Z,The work going on in Maranello keeping Ferrari flat out in F1’s April break,"In Formula 1, time is everything. Not just the time ticking away on the stopwatch, but also the time needed to design, develop and refine. It is the invisible factor that separates success from failure. The teams are constantly racing against the clock: every…","{'id': None, 'name': 'autosport.com'}","The work going on in Maranello keeping Ferrari flat out in F1’s April break In Formula 1, time is everything. Not just the time ticking away on the stopwatch, but also the time needed to design, develop and refine. It is the invisible factor that separates success from failure. The teams are constantly racing against the clock: every…",POSITIVE,0.9900608062744141,0.9900608062744141,General / Other
2026-03-19T09:22:26Z,Why Ferrari believes F1 engine rules tweak won't stop Mercedes,"From 1 June, new FIA tests for Formula 1 engines mean Mercedes’compression ratio loophole will be closed – but it may not be sufficient for Ferrari to catch up.As the world championship switched to new power units for 2026, the internal combustion engine’s co…","{'id': None, 'name': 'autosport.com'}","Why Ferrari believes F1 engine rules tweak won't stop Mercedes From 1 June, new FIA tests for Formula 1 engines mean Mercedes’compression ratio loophole will be closed – but it may not be sufficient for Ferrari to catch up.As the world championship switched to new power units for 2026, the internal combustion engine’s co…",NEGATIVE,0.9985312223434448,-0.9985312223434448,General / Other
2026-03-30T17:00:10Z,Tampa Bay Rays replace Tropicana Field roof after 2024 hurricane,"The Tampa Bay Rays professional baseball franchise is debuting a restored roof on its St Petersburg ballpark in time for the 2026 MLB season home opener in Florida. Over 100,000 pounds of fibreglass membrane have replaced the roof of Tropicana Field, which wa…","{'id': None, 'name': 'Dezeen'}","Tampa Bay Rays replace Tropicana Field roof after 2024 hurricane The Tampa Bay Rays professional baseball franchise is debuting a restored roof on its St Petersburg ballpark in time for the 2026 MLB season home opener in Florida. Over 100,000 pounds of fibreglass membrane have replaced the roof of Tropicana Field, which wa…",POSITIVE,0.7494449615478516,0.7494449615478516,General / Other
2026-04-09T08:37:06Z,What do you think is the most beautiful F1 car of all time?,"Choose what you think is the best-looking F1 car in history from our shortlist of 13, spanning the 1950s to 2025.","{'id': None, 'name': 'BBC News'}","What do you think is the most beautiful F1 car of all time? Choose what you think is the best-looking F1 car in history from our shortlist of 13, spanning the 1950s to 2025.",POSITIVE,0.9998156428337097,0.9998156428337097,General / Other
2026-04-05T17:20:17Z,Someone Turned the “Cat Knocking Things Off Tables” Meme Into a 3D Printed Lamp and It’s Perfect,"Someone Turned the “Cat Knocking Things Off Tables” Meme Into a 3D Printed Lamp and It’s PerfectCats knocking things off tables is old internet. It predates memes as a concept, predates YouTube, predates the entire visual language of digital humor. It...","{'id': None, 'name': 'Yanko Design'}","Someone Turned the “Cat Knocking Things Off Tables” Meme Into a 3D Printed Lamp and It’s Perfect Someone Turned the “Cat Knocking Things Off Tables” Meme Into a 3D Printed Lamp and It’s PerfectCats knocking things off tables is old internet. It predates memes as a concept, predates YouTube, predates the entire visual language of digital humor. It...",NEGATIVE,0.9899175763130188,-0.9899175763130188,General / Other
2026-03-28T03:58:30Z,F1 Japanese GP: Mercedes takes 1-2 as Antonelli fastest in FP3,"Mercedes F1 driver Kimi Antonelli has headed team-mate George Russell in final practice at the Japanese Grand Prix.Russell was unable to top Antonelli's final quarter lap in the W17 as Mercedes heads to qualifying as the clear favourites, leading FP3 by a hug…","{'id': None, 'name': 'autosport.com'}","F1 Japanese GP: Mercedes takes 1-2 as Antonelli fastest in FP3 Mercedes F1 driver Kimi Antonelli has headed team-mate George Russell in final practice at the Japanese Grand Prix.Russell was unable to top Antonelli's final quarter lap in the W17 as Mercedes heads to qualifying as the clear favourites, leading FP3 by a hug…",NEGATIVE,0.7588520050048828,-0.7588520050048828,General / Other
2026-03-28T07:18:45Z,Antonelli beats Russell to Japanese Grand Prix pole,Kimi Antonelli takes his second pole position in a row as he beats Mercedes team-mate George Russell in qualifying at the Japanese Grand Prix.,"{'id': None, 'name': 'BBC News'}",Antonelli beats Russell to Japanese Grand Prix pole Kimi Antonelli takes his second pole position in a row as he beats Mercedes team-mate George Russell in qualifying at the Japanese Grand Prix.,POSITIVE,0.999140739440918,0.999140739440918,General / Other
2026-03-31T06:03:10Z,Is Verstappen's threat to quit a lever to alter rules? - F1 Q&A,BBC Sport F1 correspondent Andrew Benson answers your questions after the Japanese Grand Prix.,"{'id': None, 'name': 'BBC News'}",Is Verstappen's threat to quit a lever to alter rules? - F1 Q&A BBC Sport F1 correspondent Andrew Benson answers your questions after the Japanese Grand Prix.,NEGATIVE,0.984631359577179,-0.984631359577179,Verstappen
2026-03-28T07:20:08Z,"F1 Japanese GP: Antonelli on pole again, Verstappen out in Q2","Kimi Antonelli grabbed his second career Formula 1 pole position at the Japanese Grand Prix, also his second in a row, as Max Verstappen was eliminated in Q2.Antonelli enforced his dominance on Mercedes team-mate George Russell so far this weekend, with the I…","{'id': None, 'name': 'autosport.com'}","F1 Japanese GP: Antonelli on pole again, Verstappen out in Q2 Kimi Antonelli grabbed his second career Formula 1 pole position at the Japanese Grand Prix, also his second in a row, as Max Verstappen was eliminated in Q2.Antonelli enforced his dominance on Mercedes team-mate George Russell so far this weekend, with the I…",POSITIVE,0.9972346425056458,0.9972346425056458,Verstappen
2026-03-22T10:16:33Z,How F1 became a multi-billion dollar industry,"A well-known cynical joke which has circulated in the paddock for decades goes: if you want to become a millionaire in Formula 1, you should start out as a billionaire. It perfectly captures the capital-intensive, money-draining nature of the series – at leas…","{'id': None, 'name': 'autosport.com'}","How F1 became a multi-billion dollar industry A well-known cynical joke which has circulated in the paddock for decades goes: if you want to become a millionaire in Formula 1, you should start out as a billionaire. It perfectly captures the capital-intensive, money-draining nature of the series – at leas…",POSITIVE,0.9958652257919312,0.9958652257919312,General / Other
2026-03-27T17:22:23Z,Suzuka transformed as F1 drivers barely brake through the Esses,"The new-generation of Formula 1 cars have changed how Suzuka’s first sector is tackled: beyond the reduced downforce, which lowers cornering speeds, drivers now barely touch the brake pedal, because the hybrid system decelerates the car through transitions to…","{'id': None, 'name': 'autosport.com'}","Suzuka transformed as F1 drivers barely brake through the Esses The new-generation of Formula 1 cars have changed how Suzuka’s first sector is tackled: beyond the reduced downforce, which lowers cornering speeds, drivers now barely touch the brake pedal, because the hybrid system decelerates the car through transitions to…",POSITIVE,0.9005114436149597,0.9005114436149597,General / Other
2026-04-17T14:29:54Z,Russell 'would understand' if Verstappen leaves F1,"George Russell says Formula 1 ""would not want to lose"" Max Verstappen - but would ""understand"" if the four-time world champion decided to leave the sport.","{'id': None, 'name': 'BBC News'}","Russell 'would understand' if Verstappen leaves F1 George Russell says Formula 1 ""would not want to lose"" Max Verstappen - but would ""understand"" if the four-time world champion decided to leave the sport.",NEGATIVE,0.9939541220664978,-0.9939541220664978,Verstappen
2026-04-12T20:44:02Z,1:1 Scale Ferrari SF-25 Display Model,"This 1:1-scale model was built to resemble a Ferrari SF Formula One car driven by Lewis Hamilton and features fiberglass construction. It wears a red, white, and yellow livery and features red-finished wheels, Pirelli P Zero racing slicks, a Sabelt-style harn…","{'id': None, 'name': 'Bringatrailer.com'}","1:1 Scale Ferrari SF-25 Display Model This 1:1-scale model was built to resemble a Ferrari SF Formula One car driven by Lewis Hamilton and features fiberglass construction. It wears a red, white, and yellow livery and features red-finished wheels, Pirelli P Zero racing slicks, a Sabelt-style harn…",NEGATIVE,0.9745959043502808,-0.9745959043502808,Hamilton
2026-03-20T19:40:51Z,New Study Highlights Carbon Fiber Weakness That Sounds All Too Familiar After Titan Fiasco,"Researchers planned to test how carbon fiber reacted to intense heat and humidity, but they found out something else entirely.","{'id': None, 'name': 'Gizmodo.com'}","New Study Highlights Carbon Fiber Weakness That Sounds All Too Familiar After Titan Fiasco Researchers planned to test how carbon fiber reacted to intense heat and humidity, but they found out something else entirely.",NEGATIVE,0.9922131896018982,-0.9922131896018982,General / Other
2026-03-31T16:08:02Z,Is Antonelli now the 2026 F1 title favourite?,"Betteridge's law of headlines dictates that any headline phrased as a question can be answered with a hard ‘no', and disregarded. Certainly a cursory perusal of the odds being offered by various bookmakers reveals that long-time favourite George Russell remai…","{'id': None, 'name': 'autosport.com'}","Is Antonelli now the 2026 F1 title favourite? Betteridge's law of headlines dictates that any headline phrased as a question can be answered with a hard ‘no', and disregarded. Certainly a cursory perusal of the odds being offered by various bookmakers reveals that long-time favourite George Russell remai…",NEGATIVE,0.5657045245170593,-0.5657045245170593,General / Other
2026-03-26T11:25:43Z,"""Anything good is kind of costly"" says Marc Newson","Forty years ago, Marc Newson designed what would become the most expensive work ever sold at auction by a living designer. In this interview, he reflects on affordability, collectible design and current projects, including Ferrari's first electric car. Newson…","{'id': None, 'name': 'Dezeen'}","""Anything good is kind of costly"" says Marc Newson Forty years ago, Marc Newson designed what would become the most expensive work ever sold at auction by a living designer. In this interview, he reflects on affordability, collectible design and current projects, including Ferrari's first electric car. Newson…",POSITIVE,0.9944637417793274,0.9944637417793274,General / Other
2026-03-23T10:19:47Z,How Antonelli plans to attack F1 season with title challenge in sight,"Formula 1's latest winner was greeted with a standing ovation: nobody knew Kimi Antonelli would be there, but he wanted to be there before rushing to Bologna airport to depart for Japan.Over 300 fans gathered in the Checco Costa room at Imola for an event org…","{'id': None, 'name': 'autosport.com'}","How Antonelli plans to attack F1 season with title challenge in sight Formula 1's latest winner was greeted with a standing ovation: nobody knew Kimi Antonelli would be there, but he wanted to be there before rushing to Bologna airport to depart for Japan.Over 300 fans gathered in the Checco Costa room at Imola for an event org…",POSITIVE,0.9921884536743164,0.9921884536743164,General / Other
2026-04-05T23:55:12Z,8k-Mile 1999 Ferrari 355 F1 Spider,"This Rosso Corsa 1999 Ferrari F355 Spider remained under the care of its original owner until 2023, when it spent time in the United Kingdom and was purchased by the current owner. Its 3.5-liter DOHC V8 subsequently received a timing belt service before reloc…","{'id': None, 'name': 'Bringatrailer.com'}","8k-Mile 1999 Ferrari 355 F1 Spider This Rosso Corsa 1999 Ferrari F355 Spider remained under the care of its original owner until 2023, when it spent time in the United Kingdom and was purchased by the current owner. Its 3.5-liter DOHC V8 subsequently received a timing belt service before reloc…",NEGATIVE,0.9942476749420166,-0.9942476749420166,General / Other
2026-04-09T08:23:59Z,Verstappen race engineer Lambiase to join McLaren,"Red Bull's Gianpiero Lambiase, Max Verstappen's race engineer, agrees to join McLaren from 2028.","{'id': None, 'name': 'BBC News'}","Verstappen race engineer Lambiase to join McLaren Red Bull's Gianpiero Lambiase, Max Verstappen's race engineer, agrees to join McLaren from 2028.",POSITIVE,0.9951062202453613,0.9951062202453613,Verstappen
2026-04-12T16:42:20Z,The three clues to the F1 start problem Antonelli is aiming to solve,"""He's going to kick my butt because of the start. I deserve that,” is what Kimi Antonelli said in response to his major area to improve within his dream start to 2026, in which the entire month of April – in part due to the cancellations of the Bahrain and Sa…","{'id': None, 'name': 'autosport.com'}","The three clues to the F1 start problem Antonelli is aiming to solve ""He's going to kick my butt because of the start. I deserve that,” is what Kimi Antonelli said in response to his major area to improve within his dream start to 2026, in which the entire month of April – in part due to the cancellations of the Bahrain and Sa…",NEGATIVE,0.7426553964614868,-0.7426553964614868,General / Other
2026-03-29T09:46:35Z,"Quick hits: F1 driver limps from crash, teenager sets more records",Oliver Bearman limped away from a big crash after he needed to take evasive action. Here are the quick hits from the F1 Japanese Grand Prix.,"{'id': 'abc-news-au', 'name': 'ABC News (AU)'}","Quick hits: F1 driver limps from crash, teenager sets more records Oliver Bearman limped away from a big crash after he needed to take evasive action. Here are the quick hits from the F1 Japanese Grand Prix.",NEGATIVE,0.9989799857139587,-0.9989799857139587,General / Other
2026-04-09T14:40:20Z,2004 Ferrari 360 Spider,"This 2004 Ferrari 360 Spider has remained registered in Arizona and California since new, and it was purchased in 2009 by the current owner, who has since added ~34k of its 49k miles. Powered by a 3.6-liter V8 paired with a six-speed F1 sequential transaxle a…","{'id': None, 'name': 'Bringatrailer.com'}","2004 Ferrari 360 Spider This 2004 Ferrari 360 Spider has remained registered in Arizona and California since new, and it was purchased in 2009 by the current owner, who has since added ~34k of its 49k miles. Powered by a 3.6-liter V8 paired with a six-speed F1 sequential transaxle a…",POSITIVE,0.9282242059707642,0.9282242059707642,General / Other
2026-03-20T17:00:04Z,1999 Ferrari 360 Modena,"This 1999 Ferrari 360 Modena remained registered in California until 2025, and it has 51k miles following the seller's purchase in 2024. Finished in Argento Nurburgring with a partial black vinyl wrap, the car is powered by a 3.6-liter V8 paired with a six-sp…","{'id': None, 'name': 'Bringatrailer.com'}","1999 Ferrari 360 Modena This 1999 Ferrari 360 Modena remained registered in California until 2025, and it has 51k miles following the seller's purchase in 2024. Finished in Argento Nurburgring with a partial black vinyl wrap, the car is powered by a 3.6-liter V8 paired with a six-sp…",POSITIVE,0.5226743817329407,0.5226743817329407,General / Other
2026-04-14T06:57:38Z,Why Verstappen is 'keystone' to driver market - F1 Q&A,BBC Sport F1 correspondent Andrew Benson answers your latest questions.,"{'id': None, 'name': 'BBC News'}",Why Verstappen is 'keystone' to driver market - F1 Q&A BBC Sport F1 correspondent Andrew Benson answers your latest questions.,POSITIVE,0.9165794253349304,0.9165794253349304,Verstappen
2026-04-13T09:00:00Z,The FAA takes a rare step to head off a traffic jam at Chicago's O'Hare Airport,"Federal regulators want airlines to cut the number of flights at O'Hare Airport in Chicago this summer. It's an unusual move, sparked by a turf war between two major airlines with hubs at the airport.","{'id': None, 'name': 'NPR'}","The FAA takes a rare step to head off a traffic jam at Chicago's O'Hare Airport Federal regulators want airlines to cut the number of flights at O'Hare Airport in Chicago this summer. It's an unusual move, sparked by a turf war between two major airlines with hubs at the airport.",POSITIVE,0.9133328795433044,0.9133328795433044,General / Other
2026-04-08T08:48:01Z,I'm a construction manager who vibe coded a paperwork tracker. My workers loved it — until I accidentally broke it.,Pawel Mniszak works in construction as a superintendent. He vibe coded a tool to manage the paperwork. It taught him a lesson in security.,"{'id': 'business-insider', 'name': 'Business Insider'}",I'm a construction manager who vibe coded a paperwork tracker. My workers loved it — until I accidentally broke it. Pawel Mniszak works in construction as a superintendent. He vibe coded a tool to manage the paperwork. It taught him a lesson in security.,NEGATIVE,0.9373596906661987,-0.9373596906661987,General / Other
2026-03-19T12:00:57Z,Where Racing Bulls is exploiting its F1 power unit better than Red Bull,"The first two races of the Formula 1 season have revealed an under-the-radar trend, one that offers a clearer picture of what had been hinted at in the Bahrain tests and of certain characteristics of the Red Bull power unit.As seen in Melbourne and confirmed …","{'id': None, 'name': 'autosport.com'}","Where Racing Bulls is exploiting its F1 power unit better than Red Bull The first two races of the Formula 1 season have revealed an under-the-radar trend, one that offers a clearer picture of what had been hinted at in the Bahrain tests and of certain characteristics of the Red Bull power unit.As seen in Melbourne and confirmed …",POSITIVE,0.9893689751625061,0.9893689751625061,General / Other
2026-03-25T20:05:18Z,15k-Mile 2001 Ferrari 360 Spider,"This 2001 Ferrari 360 Spider was delivered new to Foreign Cars Italia of Greensboro, North Carolina, and was later sold on BaT in March 2023, before being acquired by its current owner in 2025. Finished in Rosso Corsa over beige leather, the car is powered by…","{'id': None, 'name': 'Bringatrailer.com'}","15k-Mile 2001 Ferrari 360 Spider This 2001 Ferrari 360 Spider was delivered new to Foreign Cars Italia of Greensboro, North Carolina, and was later sold on BaT in March 2023, before being acquired by its current owner in 2025. Finished in Rosso Corsa over beige leather, the car is powered by…",POSITIVE,0.9819651246070862,0.9819651246070862,General / Other
2026-03-27T07:17:50Z,"4K UHD Digital Movies: Kill Bill Vol. 1, Heat, Sixth Sense, Ford v Ferrari $5 & More","Amazon has select 4K UHD Digital Movies (various titles) on sale for $4.99 each listed below.

Thanks to Deal Hunter phoinix for posting this deal.

Note: Some options may require you to click &qu","{'id': None, 'name': 'Slickdeals.net'}","4K UHD Digital Movies: Kill Bill Vol. 1, Heat, Sixth Sense, Ford v Ferrari $5 & More Amazon has select 4K UHD Digital Movies (various titles) on sale for $4.99 each listed below.

Thanks to Deal Hunter phoinix for posting this deal.

Note: Some options may require you to click &qu",NEGATIVE,0.9813814163208008,-0.9813814163208008,General / Other
2026-04-09T09:08:21Z,Lambiase set for McLaren switch in F1 2028,"Max Verstappen's long-time Red Bull race engineer Gianpiero Lambiase is set for a switch to McLaren, Autosport understands.Lambiase has long been the subject of intense interest across the paddock, as the 45-year-old weighed up his options last winter. Amid l…","{'id': None, 'name': 'autosport.com'}","Lambiase set for McLaren switch in F1 2028 Max Verstappen's long-time Red Bull race engineer Gianpiero Lambiase is set for a switch to McLaren, Autosport understands.Lambiase has long been the subject of intense interest across the paddock, as the 45-year-old weighed up his options last winter. Amid l…",POSITIVE,0.933822512626648,0.933822512626648,Verstappen
2026-04-09T18:45:21Z,2023 Ferrari Roma,"This 2023 Ferrari Roma has 12k miles following registration history in Florida and Texas, and it was initially delivered to Ferrari of Central Florida in Orlando prior to being purchased by the seller in 2024. It is finished in Grigio Silverstone over Nero le…","{'id': None, 'name': 'Bringatrailer.com'}","2023 Ferrari Roma This 2023 Ferrari Roma has 12k miles following registration history in Florida and Texas, and it was initially delivered to Ferrari of Central Florida in Orlando prior to being purchased by the seller in 2024. It is finished in Grigio Silverstone over Nero le…",NEGATIVE,0.645057201385498,-0.645057201385498,General / Other
2026-03-27T23:55:08Z,2024 Ferrari Roma Coupe,"This 2024 Ferrari Roma coupe was optioned with a Blu Tour De France exterior finish in addition to Cuoio leather upholstery, which covers the heated and ventilated power-adjustable seats. Powered by a twin-turbocharged 3.9-liter V8 linked to an eight-speed F1…","{'id': None, 'name': 'Bringatrailer.com'}","2024 Ferrari Roma Coupe This 2024 Ferrari Roma coupe was optioned with a Blu Tour De France exterior finish in addition to Cuoio leather upholstery, which covers the heated and ventilated power-adjustable seats. Powered by a twin-turbocharged 3.9-liter V8 linked to an eight-speed F1…",NEGATIVE,0.6436629891395569,-0.6436629891395569,General / Other
2026-03-20T15:55:05Z,2024 Ferrari Roma Coupe,This 2024 Ferrari Roma coupe is finished in Bianco Avus over Bordeaux leather and features Scuderia Ferrari fender shields as well as yellow-painted brake calipers. It is powered by a twin-turbocharged 3.9-liter V8 linked to an eight-speed F1 automatic transa…,"{'id': None, 'name': 'Bringatrailer.com'}",2024 Ferrari Roma Coupe This 2024 Ferrari Roma coupe is finished in Bianco Avus over Bordeaux leather and features Scuderia Ferrari fender shields as well as yellow-painted brake calipers. It is powered by a twin-turbocharged 3.9-liter V8 linked to an eight-speed F1 automatic transa…,NEGATIVE,0.910926342010498,-0.910926342010498,General / Other
2026-03-26T08:23:51Z,Why Hamilton believes 2026 F1 rules are “what racing should be” – unlike Verstappen,"Lewis Hamilton believes Formula 1’s new regulations have delivered “what racing should be” so far in 2026 – a very different stance to Max Verstappen’s.Verstappen has been perhaps F1’s most vocal critic this year, likening the energy management aspect to “For…","{'id': None, 'name': 'autosport.com'}","Why Hamilton believes 2026 F1 rules are “what racing should be” – unlike Verstappen Lewis Hamilton believes Formula 1’s new regulations have delivered “what racing should be” so far in 2026 – a very different stance to Max Verstappen’s.Verstappen has been perhaps F1’s most vocal critic this year, likening the energy management aspect to “For…",POSITIVE,0.979544997215271,0.979544997215271,Verstappen
2026-04-16T00:00:16Z,"1,800-Mile 2019 Ferrari 488 Pista","This 2019 Ferrari 488 Pista has 1,800 miles and was specified with Verde British Racing and Giallo Modena stripes that accent the Nero Daytona paintwork, and its interior houses carbon-fiber racing seats trimmed in Verde and black upholstery with Giallo cente…","{'id': None, 'name': 'Bringatrailer.com'}","1,800-Mile 2019 Ferrari 488 Pista This 2019 Ferrari 488 Pista has 1,800 miles and was specified with Verde British Racing and Giallo Modena stripes that accent the Nero Daytona paintwork, and its interior houses carbon-fiber racing seats trimmed in Verde and black upholstery with Giallo cente…",POSITIVE,0.7251976728439331,0.7251976728439331,General / Other
2026-04-17T23:50:14Z,508-Mile 2023 Ferrari 296 GTB,"This 2023 Ferrari 296 GTB was initially delivered to Ferrari of Newport Beach, California, and optioned with special-order Matte Rosso Ferrari F1-75 Opaco paint as well as approximately $161k in options including carbon-fiber 20"" wheels, carbon-fiber aerodyna…","{'id': None, 'name': 'Bringatrailer.com'}","508-Mile 2023 Ferrari 296 GTB This 2023 Ferrari 296 GTB was initially delivered to Ferrari of Newport Beach, California, and optioned with special-order Matte Rosso Ferrari F1-75 Opaco paint as well as approximately $161k in options including carbon-fiber 20"" wheels, carbon-fiber aerodyna…",NEGATIVE,0.9832287430763245,-0.9832287430763245,General / Other
2026-03-31T17:45:04Z,7k-Mile Euro 2002 Ferrari 360 Spider,"This 2002 Ferrari 360 Spider was sold new through Motor S.p.A. of Modena, Italy, in February 2002. It was flown to Los Angeles, California, via Lufthansa Cargo in March of that year, and it was later federalized and CARB-certified for registration in Californ…","{'id': None, 'name': 'Bringatrailer.com'}","7k-Mile Euro 2002 Ferrari 360 Spider This 2002 Ferrari 360 Spider was sold new through Motor S.p.A. of Modena, Italy, in February 2002. It was flown to Los Angeles, California, via Lufthansa Cargo in March of that year, and it was later federalized and CARB-certified for registration in Californ…",NEGATIVE,0.995669960975647,-0.995669960975647,General / Other
2026-04-01T13:45:21Z,2004 Ferrari 360 Spider at No Reserve,"This 2004 Ferrari 360 Spider is finished in Blu Tour de France over Sand leather upholstery and is powered by a 3.6-liter V8 paired with a six-speed F1 sequential transaxle. It features a Capristo exhaust system, a limited-slip differential, a blue convertibl…","{'id': None, 'name': 'Bringatrailer.com'}","2004 Ferrari 360 Spider at No Reserve This 2004 Ferrari 360 Spider is finished in Blu Tour de France over Sand leather upholstery and is powered by a 3.6-liter V8 paired with a six-speed F1 sequential transaxle. It features a Capristo exhaust system, a limited-slip differential, a blue convertibl…",NEGATIVE,0.9763544797897339,-0.9763544797897339,General / Other
2026-04-09T21:00:14Z,8k-Mile 2002 Ferrari 360 Modena,This 2002 Ferrari 360 Modena is a Grigio Titanio over Grigio Scuro example that was acquired by the seller in 2022 and now has 8k miles. It is powered by a 3.6-liter V8 paired with a six-speed F1 sequential transaxle and a limited-slip differential. Equipment…,"{'id': None, 'name': 'Bringatrailer.com'}",8k-Mile 2002 Ferrari 360 Modena This 2002 Ferrari 360 Modena is a Grigio Titanio over Grigio Scuro example that was acquired by the seller in 2022 and now has 8k miles. It is powered by a 3.6-liter V8 paired with a six-speed F1 sequential transaxle and a limited-slip differential. Equipment…,NEGATIVE,0.8348230123519897,-0.8348230123519897,General / Other
2026-04-06T23:20:11Z,12k-Mile 2016 Ferrari 488 GTB,"This 2016 Ferrari 488 GTB was purchased by the seller in 2022, and it now has 12k miles. Its Rosso Corsa-finished body has carbon-fiber accents and a Nero roof panel, and power is provided by a twin-turbocharged 3.9-liter V8 paired with a seven-speed F1 dual-…","{'id': None, 'name': 'Bringatrailer.com'}","12k-Mile 2016 Ferrari 488 GTB This 2016 Ferrari 488 GTB was purchased by the seller in 2022, and it now has 12k miles. Its Rosso Corsa-finished body has carbon-fiber accents and a Nero roof panel, and power is provided by a twin-turbocharged 3.9-liter V8 paired with a seven-speed F1 dual-…",POSITIVE,0.9652965068817139,0.9652965068817139,General / Other
2026-04-08T22:43:34Z,29k-Mile 2007 Ferrari F430 Spider,"This 2007 Ferrari F430 has 29k miles and is finished in Nero over Nero leather upholstery. Powered by a 4.3-liter DOHC V8 paired with a six-speed F1 automated transaxle, the car is equipped with a black convertible soft top, 19"" Challenge alloy wheels, an ele…","{'id': None, 'name': 'Bringatrailer.com'}","29k-Mile 2007 Ferrari F430 Spider This 2007 Ferrari F430 has 29k miles and is finished in Nero over Nero leather upholstery. Powered by a 4.3-liter DOHC V8 paired with a six-speed F1 automated transaxle, the car is equipped with a black convertible soft top, 19"" Challenge alloy wheels, an ele…",NEGATIVE,0.5665575265884399,-0.5665575265884399,General / Other
2026-03-30T07:29:23Z,Powerful cholesterol drug cuts heart attack risk by 31%,"A powerful cholesterol-lowering drug may be changing the rules of heart disease prevention. Researchers found that evolocumab, typically used for people who already have cardiovascular disease, can significantly cut the risk of first-time heart attacks and st…","{'id': None, 'name': 'Science Daily'}","Powerful cholesterol drug cuts heart attack risk by 31% A powerful cholesterol-lowering drug may be changing the rules of heart disease prevention. Researchers found that evolocumab, typically used for people who already have cardiovascular disease, can significantly cut the risk of first-time heart attacks and st…",POSITIVE,0.7804262042045593,0.7804262042045593,General / Other
2026-04-02T23:02:27Z,19k-Mile 2007 Ferrari 599 GTB Fiorano,"This 2007 Ferrari 599 GTB Fiorano is powered by a 6.0-liter F140 V12 paired with a six-speed F1 automated transaxle and is finished in Nero DS 1250 over Nero leather with red stitching. The car has 19k miles following history in California and Nevada, and it …","{'id': None, 'name': 'Bringatrailer.com'}","19k-Mile 2007 Ferrari 599 GTB Fiorano This 2007 Ferrari 599 GTB Fiorano is powered by a 6.0-liter F140 V12 paired with a six-speed F1 automated transaxle and is finished in Nero DS 1250 over Nero leather with red stitching. The car has 19k miles following history in California and Nevada, and it …",POSITIVE,0.7852854132652283,0.7852854132652283,General / Other
2026-04-08T15:31:09Z,Forza Horizon 6 Is On Track To Be The Best One Yet,The next entry in Xbox's best franchise seems to be bigger and better,"{'id': None, 'name': 'Kotaku'}",Forza Horizon 6 Is On Track To Be The Best One Yet The next entry in Xbox's best franchise seems to be bigger and better,POSITIVE,0.9995402097702026,0.9995402097702026,General / Other
2026-03-21T13:00:00Z,Sephora's F1 Academy livery (F1 roundup),"Makeup retailer @Sephora is the latest beauty brand to partner with @F1Academy, in a deal announce today.➡️ Sephora will have what it's calling glamour bars at 18 races, including at the premium hospitality area the Paddock Club, and will sponsor driver Natal…","{'id': None, 'name': 'Superpunch.net'}","Sephora's F1 Academy livery (F1 roundup) Makeup retailer @Sephora is the latest beauty brand to partner with @F1Academy, in a deal announce today.➡️ Sephora will have what it's calling glamour bars at 18 races, including at the premium hospitality area the Paddock Club, and will sponsor driver Natal…",POSITIVE,0.9924242496490479,0.9924242496490479,General / Other
2026-03-30T08:32:20Z,Broken glass makes Horner return difficult - Wolff,"A return to Formula 1 will be difficult for former Red Bull team principal Christian Horner because he has ""broken quite a lot of glass"", says ex-Mercedes rival Toto Wolff.","{'id': None, 'name': 'BBC News'}","Broken glass makes Horner return difficult - Wolff A return to Formula 1 will be difficult for former Red Bull team principal Christian Horner because he has ""broken quite a lot of glass"", says ex-Mercedes rival Toto Wolff.",NEGATIVE,0.9993205070495605,-0.9993205070495605,General / Other
2026-04-06T12:30:07Z,2021 Ferrari F8 Spider,"This 2021 Ferrari F8 Spider is finished in Azzurro Dino over Nero upholstery with Azzurro stitching and features carbon-fiber racing seats with Daytona-style inserts as well as the Carbon Fiber Driver Zone, carbon-fiber exterior trim, carbon-ceramic brakes, a…","{'id': None, 'name': 'Bringatrailer.com'}","2021 Ferrari F8 Spider This 2021 Ferrari F8 Spider is finished in Azzurro Dino over Nero upholstery with Azzurro stitching and features carbon-fiber racing seats with Daytona-style inserts as well as the Carbon Fiber Driver Zone, carbon-fiber exterior trim, carbon-ceramic brakes, a…",NEGATIVE,0.6926273703575134,-0.6926273703575134,General / Other
2026-03-19T21:08:29Z,1:1 Scale Ferrari SF Display Model at No Reserve,"This 1:1-scale model was built to resemble a Ferrari SF Formula One car, with fiberglass and carbon-fiber construction. It wears a red, white, and yellow livery and features black-finished wheels, Pirelli P Zero racing slicks, a Sabelt-style harness, a replic…","{'id': None, 'name': 'Bringatrailer.com'}","1:1 Scale Ferrari SF Display Model at No Reserve This 1:1-scale model was built to resemble a Ferrari SF Formula One car, with fiberglass and carbon-fiber construction. It wears a red, white, and yellow livery and features black-finished wheels, Pirelli P Zero racing slicks, a Sabelt-style harness, a replic…",NEGATIVE,0.9923642873764038,-0.9923642873764038,General / Other
2026-04-04T15:01:10Z,How F1's smallest team has weathered the 2026 storm and started thriving,"You would have been forgiven for not putting too much stock in Haas as an early midfield force of 2026. The team took an eighth-place finish in 2025, the result of a close season-long battle with Racing Bulls, Aston Martin and Sauber.Just like storms on the o…","{'id': None, 'name': 'autosport.com'}","How F1's smallest team has weathered the 2026 storm and started thriving You would have been forgiven for not putting too much stock in Haas as an early midfield force of 2026. The team took an eighth-place finish in 2025, the result of a close season-long battle with Racing Bulls, Aston Martin and Sauber.Just like storms on the o…",NEGATIVE,0.6997667551040649,-0.6997667551040649,General / Other
2026-04-06T15:05:13Z,17k-Mile 2007 Ferrari F430 Spider,This 2007 Ferrari F430 Spider is finished in Rosso Corsa over Beige Tradizione leather and was ordered with the optional Brembo carbon-ceramic brake system as well as the Carbon Fiber Driving and Lower Cabin zones. Power is provided by a 4.3-liter DOHC V8 pai…,"{'id': None, 'name': 'Bringatrailer.com'}",17k-Mile 2007 Ferrari F430 Spider This 2007 Ferrari F430 Spider is finished in Rosso Corsa over Beige Tradizione leather and was ordered with the optional Brembo carbon-ceramic brake system as well as the Carbon Fiber Driving and Lower Cabin zones. Power is provided by a 4.3-liter DOHC V8 pai…,NEGATIVE,0.9506344795227051,-0.9506344795227051,General / Other
2026-03-29T12:15:01Z,24k-Mile 1998 Ferrari F355 Spider,"This 1998 Ferrari F355 Spider was purchased by its current owner on BaT in September 2023, following registration history in several states, and its odometer now shows 24k miles. Finished in Giallo Modena over black Connolly leather, the car is powered by a 3…","{'id': None, 'name': 'Bringatrailer.com'}","24k-Mile 1998 Ferrari F355 Spider This 1998 Ferrari F355 Spider was purchased by its current owner on BaT in September 2023, following registration history in several states, and its odometer now shows 24k miles. Finished in Giallo Modena over black Connolly leather, the car is powered by a 3…",POSITIVE,0.9606614112854004,0.9606614112854004,General / Other
2026-04-02T23:52:08Z,7k-Mile 2006 Ferrari F430 Spider,"This 2006 Ferrari F430 is finished in Rosso Corsa over Beige Tradizione leather, and it was specified with ~$27k in options, including a carbon-fiber rear grille, Scuderia Ferrari fender shields, red-finished brake calipers, power-adjustable Daytona-style buc…","{'id': None, 'name': 'Bringatrailer.com'}","7k-Mile 2006 Ferrari F430 Spider This 2006 Ferrari F430 is finished in Rosso Corsa over Beige Tradizione leather, and it was specified with ~$27k in options, including a carbon-fiber rear grille, Scuderia Ferrari fender shields, red-finished brake calipers, power-adjustable Daytona-style buc…",NEGATIVE,0.9881894588470459,-0.9881894588470459,General / Other
2026-04-01T09:26:30Z,No F1 in April — Here are 5 sporting events I can’t wait to watch,"No F1 in April, but global sports continue to deliver nonstop thrills. Here are five other sporting events for you to watch in April.","{'id': 'techradar', 'name': 'TechRadar'}","No F1 in April — Here are 5 sporting events I can’t wait to watch No F1 in April, but global sports continue to deliver nonstop thrills. Here are five other sporting events for you to watch in April.",POSITIVE,0.9991865754127502,0.9991865754127502,General / Other
2026-03-19T23:05:12Z,"4,200-Mile 2008 Ferrari F430 Spider","This 2008 Ferrari F430 Spider was initially delivered to Cauley Ferrari in West Bloomfield, Michigan, and was specified in Nero over a Nero leather interior, which houses power-adjustable Daytona-style bucket seats. Powered by a 4.3-liter DOHC V8 paired with …","{'id': None, 'name': 'Bringatrailer.com'}","4,200-Mile 2008 Ferrari F430 Spider This 2008 Ferrari F430 Spider was initially delivered to Cauley Ferrari in West Bloomfield, Michigan, and was specified in Nero over a Nero leather interior, which houses power-adjustable Daytona-style bucket seats. Powered by a 4.3-liter DOHC V8 paired with …",NEGATIVE,0.9636281132698059,-0.9636281132698059,General / Other
2026-03-27T05:00:00Z,"How to watch Japanese Grand Prix 2026 F1: Live Stream, Preview, Schedule","All the ways to watch Japanese Grand Prix 2026 live streams online and from anywhere, as teams face Suzuka's fast corners and tricky energy management.","{'id': 'techradar', 'name': 'TechRadar'}","How to watch Japanese Grand Prix 2026 F1: Live Stream, Preview, Schedule All the ways to watch Japanese Grand Prix 2026 live streams online and from anywhere, as teams face Suzuka's fast corners and tricky energy management.",POSITIVE,0.9964908957481384,0.9964908957481384,General / Other
2026-04-03T08:10:09Z,"Ferrari can get “huge gains” from F1 engine, chassis, aero, tyres – Charles Leclerc","Ferrari needs to improve its F1 car all around, Leclerc argued","{'id': None, 'name': 'Motorsport.com'}","Ferrari can get “huge gains” from F1 engine, chassis, aero, tyres – Charles Leclerc Ferrari needs to improve its F1 car all around, Leclerc argued",POSITIVE,0.9165102243423462,0.9165102243423462,Leclerc
2026-04-17T21:29:00Z,2022 Ferrari 812 GTS,"This 2022 Ferrari 812 GTS was specified with approximately $209k in options as well as styling cues taken from the 1958 Ferrari 250 TR ""Lucybelle II"" model when it was ordered new through the Tailor Made program. Finished in Bianco Sanae Lucido with Blu Monte…","{'id': None, 'name': 'Bringatrailer.com'}","2022 Ferrari 812 GTS This 2022 Ferrari 812 GTS was specified with approximately $209k in options as well as styling cues taken from the 1958 Ferrari 250 TR ""Lucybelle II"" model when it was ordered new through the Tailor Made program. Finished in Bianco Sanae Lucido with Blu Monte…",NEGATIVE,0.9900065660476685,-0.9900065660476685,General / Other
2026-03-19T16:30:43Z,Four Irish but no English in Six Nations team of year,"Four Ireland players are chosen in the Six Nations Team of the Tournament, which also includes players from France, Italy, Scotland and Wales, but no England players make the XV.","{'id': None, 'name': 'BBC News'}","Four Irish but no English in Six Nations team of year Four Ireland players are chosen in the Six Nations Team of the Tournament, which also includes players from France, Italy, Scotland and Wales, but no England players make the XV.",NEGATIVE,0.9065635204315186,-0.9065635204315186,General / Other
2026-03-26T09:44:25Z,Formula 1 now 'much more fun' - Hamilton,"Lewis Hamilton says the new Formula 1 this year is ""much more fun"" than any other time in his career.","{'id': None, 'name': 'BBC News'}","Formula 1 now 'much more fun' - Hamilton Lewis Hamilton says the new Formula 1 this year is ""much more fun"" than any other time in his career.",POSITIVE,0.999711811542511,0.999711811542511,Hamilton
2026-03-19T23:35:15Z,2023 Ferrari 296 GTB,"This 2023 Ferrari 296 GTB was ordered with approximately $98k in options, some of which include an Extra Range Blu Corsa exterior finish, carbon-fiber exterior and interior accents, and power-adjustable bucket seats trimmed in Rosso Ferrari leather. Having 2,…","{'id': None, 'name': 'Bringatrailer.com'}","2023 Ferrari 296 GTB This 2023 Ferrari 296 GTB was ordered with approximately $98k in options, some of which include an Extra Range Blu Corsa exterior finish, carbon-fiber exterior and interior accents, and power-adjustable bucket seats trimmed in Rosso Ferrari leather. Having 2,…",NEGATIVE,0.9417972564697266,-0.9417972564697266,General / Other
2026-04-01T15:50:08Z,2026 Ferrari 296 GTS,This 2026 Ferrari 296 GTS was purchased new by the seller through Ferrari of Tampa Bay in Florida and is finished in Giallo Modena over Nero leather upholstery. The car is powered by a twin-turbocharged 3.0-liter F163 V6 and an MGU-K electric motor that drive…,"{'id': None, 'name': 'Bringatrailer.com'}",2026 Ferrari 296 GTS This 2026 Ferrari 296 GTS was purchased new by the seller through Ferrari of Tampa Bay in Florida and is finished in Giallo Modena over Nero leather upholstery. The car is powered by a twin-turbocharged 3.0-liter F163 V6 and an MGU-K electric motor that drive…,POSITIVE,0.5126462578773499,0.5126462578773499,General / Other
2026-04-10T23:19:14Z,"3,900-Mile 2020 Ferrari 812 Superfast","This 2020 Ferrari 812 is an Argento Nurburgring-finished Superfast that has 3,900 miles through the owner's purchase in 2023, and its heated power-adjustable seats are trimmed in Nero leather with Rosso seatbelts. Powered by a 6.5-liter F140 V12 mated to a se…","{'id': None, 'name': 'Bringatrailer.com'}","3,900-Mile 2020 Ferrari 812 Superfast This 2020 Ferrari 812 is an Argento Nurburgring-finished Superfast that has 3,900 miles through the owner's purchase in 2023, and its heated power-adjustable seats are trimmed in Nero leather with Rosso seatbelts. Powered by a 6.5-liter F140 V12 mated to a se…",POSITIVE,0.9609397649765015,0.9609397649765015,General / Other
2026-03-20T21:59:44Z,Scarlets sweep aside Zebre with bonus-point win,"Scarlets came out on top of the United Rugby Championship basement battle, running in six tries against a lacklustre Zebre.","{'id': None, 'name': 'BBC News'}","Scarlets sweep aside Zebre with bonus-point win Scarlets came out on top of the United Rugby Championship basement battle, running in six tries against a lacklustre Zebre.",POSITIVE,0.9843648672103882,0.9843648672103882,General / Other
2026-04-15T09:00:28Z,"F1 boss issues verdict on start of 2026 season, backs potential changes",Formula 1 CEO and president Stefano Domenicali is confident the world championship will make the required adjustments to improve the 2026 regulations - but insists F1 is on the right track amid growing worldwide interest.F1 overhauled its technical regulation…,"{'id': None, 'name': 'autosport.com'}","F1 boss issues verdict on start of 2026 season, backs potential changes Formula 1 CEO and president Stefano Domenicali is confident the world championship will make the required adjustments to improve the 2026 regulations - but insists F1 is on the right track amid growing worldwide interest.F1 overhauled its technical regulation…",POSITIVE,0.9765973687171936,0.9765973687171936,General / Other
2026-04-17T13:00:00Z,Review: 43014 Charles Leclerc Helmet,"LEGO has been making large-scale versions of fictional helmets since 2020 and this year it is turning its attention to real-life ones in the form of Formula 1 drivers' helmets.

43022 Scuderia Ferrari HP Lewis Hamilton Helmet and 43014 Scuderia Ferrari HP Cha…","{'id': None, 'name': 'Brickset.com'}","Review: 43014 Charles Leclerc Helmet LEGO has been making large-scale versions of fictional helmets since 2020 and this year it is turning its attention to real-life ones in the form of Formula 1 drivers' helmets.

43022 Scuderia Ferrari HP Lewis Hamilton Helmet and 43014 Scuderia Ferrari HP Cha…",NEGATIVE,0.8360026478767395,-0.8360026478767395,Leclerc
2026-04-04T23:55:09Z,8k-Mile 1989 Ferrari 328 GTS,"This 1989 Ferrari 328 is one of approximately 6,068 removable-top GTS examples produced. The car was first used as a demonstration vehicle and was acquired by its first registered owner in 1997, remaining in their collection until the current owner’s purchase…","{'id': None, 'name': 'Bringatrailer.com'}","8k-Mile 1989 Ferrari 328 GTS This 1989 Ferrari 328 is one of approximately 6,068 removable-top GTS examples produced. The car was first used as a demonstration vehicle and was acquired by its first registered owner in 1997, remaining in their collection until the current owner’s purchase…",NEGATIVE,0.6305920481681824,-0.6305920481681824,General / Other
2026-03-23T00:25:00Z,ZF 8 Speed Vs. Aisin 8 Speed Transmissions: How Do They Compare?,"ZF and Aisin make two of the most popular and most successful eight-speed gearboxes on the market, but how do the two transmissions stack up side by side?","{'id': None, 'name': 'Jalopnik'}","ZF 8 Speed Vs. Aisin 8 Speed Transmissions: How Do They Compare? ZF and Aisin make two of the most popular and most successful eight-speed gearboxes on the market, but how do the two transmissions stack up side by side?",NEGATIVE,0.9828308820724487,-0.9828308820724487,General / Other
2026-03-22T12:15:16Z,"2,800-Mile 2022 Ferrari 296 GTB Assetto Fiorano","This 2022 Ferrari 296 GTB was ordered with approximately $134k in options, some of which included the special-order Blu Scozia and Argento Nürburgring exterior finish in addition to the Assetto Fiorano Package, which added carbon-fiber front corner splitters,…","{'id': None, 'name': 'Bringatrailer.com'}","2,800-Mile 2022 Ferrari 296 GTB Assetto Fiorano This 2022 Ferrari 296 GTB was ordered with approximately $134k in options, some of which included the special-order Blu Scozia and Argento Nürburgring exterior finish in addition to the Assetto Fiorano Package, which added carbon-fiber front corner splitters,…",NEGATIVE,0.9322715401649475,-0.9322715401649475,General / Other
2026-03-26T06:42:19Z,"Mercedes' ""two-phase"" front wing activation a reliability issue, not an exploit","Mercedes' peculiar straight mode activation of its front wing, which caught the attention of some of its Formula 1 rivals, was the result of a reliability issue rather than a deliberate exploit, Motorsport.com has learned.Mercedes caught the eye of its rivals…","{'id': None, 'name': 'autosport.com'}","Mercedes' ""two-phase"" front wing activation a reliability issue, not an exploit Mercedes' peculiar straight mode activation of its front wing, which caught the attention of some of its Formula 1 rivals, was the result of a reliability issue rather than a deliberate exploit, Motorsport.com has learned.Mercedes caught the eye of its rivals…",POSITIVE,0.9678062796592712,0.9678062796592712,General / Other
2026-04-09T03:00:41Z,50 Pictures That Perfectly Capture The Essence Of Each State In The US,"America is touted as the land of the free and the home of the brave... It's also one of the few places you'll see a Ferrari parked next to a tractor outside a school, or kids celebrating ""Spring Break"" in the snow. People have been sharing pics that perfectly…","{'id': None, 'name': 'Boredpanda.com'}","50 Pictures That Perfectly Capture The Essence Of Each State In The US America is touted as the land of the free and the home of the brave... It's also one of the few places you'll see a Ferrari parked next to a tractor outside a school, or kids celebrating ""Spring Break"" in the snow. People have been sharing pics that perfectly…",POSITIVE,0.9997755885124207,0.9997755885124207,General / Other
2026-03-20T10:47:05Z,"Why Bearman believes Haas has ""great baseline"" with F1 2026 race pace","After two races, Oliver Bearman sits fifth in Formula 1's 2026 drivers' championship – and has remarked upon his pleasure of the balance in Haas' VF-26 chassis.While only early days, Bearman has been one of the most impressive performers in the early stages o…","{'id': None, 'name': 'autosport.com'}","Why Bearman believes Haas has ""great baseline"" with F1 2026 race pace After two races, Oliver Bearman sits fifth in Formula 1's 2026 drivers' championship – and has remarked upon his pleasure of the balance in Haas' VF-26 chassis.While only early days, Bearman has been one of the most impressive performers in the early stages o…",POSITIVE,0.9995461106300354,0.9995461106300354,General / Other
2026-03-29T11:01:41Z,“At the mercy of the power unit” – Norris and Verstappen’s F1 2026 complaints continue,"At Suzuka, the yo-yo effect was slightly less extreme than during the season opener in Melbourne, although the overall picture still did not satisfy all of the drivers. Lando Norris ultimately crossed the line in fifth place and saw that – together with Oscar…","{'id': None, 'name': 'autosport.com'}","“At the mercy of the power unit” – Norris and Verstappen’s F1 2026 complaints continue At Suzuka, the yo-yo effect was slightly less extreme than during the season opener in Melbourne, although the overall picture still did not satisfy all of the drivers. Lando Norris ultimately crossed the line in fifth place and saw that – together with Oscar…",NEGATIVE,0.9975805282592773,-0.9975805282592773,Verstappen
